model,samples,max_len,batch_size,accuracy,precision,recall,f1,roc_auc
bert-base-multilingual-cased,2000,128,16,0.965,0.3888888888888889,0.7,0.5,0.8671794871794872
xlm-roberta-base,2000,128,16,0.8725,0.14035087719298245,0.8,0.23880597014925373,0.9133333333333334
