model,samples,max_len,batch_size,accuracy,precision,recall,f1,roc_auc
bert-base-multilingual-cased,17880,128,16,0.918903803131991,0.35555555555555557,0.8323699421965318,0.4982698961937716,0.9394464931486839
xlm-roberta-base,17880,128,16,0.8920581655480985,0.2940038684719536,0.8786127167630058,0.4405797101449275,0.9512297038145533
